ntaname,flood_classification,flooded_area,shape_area,boroname,flooded_area_perc,ntaname_boro
Allerton,Deep and Contiguous Flooding,211873.73617903126,15753915.7367,Bronx,1.34,"Allerton, Bronx"
Allerton,Nuisance Flooding,302685.68093074556,15753915.7367,Bronx,1.92,"Allerton, Bronx"
Alley Pond Park,Deep and Contiguous Flooding,210375.42145600577,26132395.8972,Queens,0.81,"Alley Pond Park, Queens"
Alley Pond Park,Future High Tides 2080,2624616.8222865607,26132395.8972,Queens,10.04,"Alley Pond Park, Queens"
Alley Pond Park,Nuisance Flooding,278894.07776514505,26132395.8972,Queens,1.07,"Alley Pond Park, Queens"
Annadale-Huguenot-Prince's Bay-Woodrow,Deep and Contiguous Flooding,3286913.8380666184,180428303.889,Staten Island,1.82,"Annadale-Huguenot-Prince's Bay-Woodrow, Staten Island"
Annadale-Huguenot-Prince's Bay-Woodrow,Future High Tides 2080,5614786.134670469,180428303.889,Staten Island,3.11,"Annadale-Huguenot-Prince's Bay-Woodrow, Staten Island"
Annadale-Huguenot-Prince's Bay-Woodrow,Nuisance Flooding,3269653.5776514215,180428303.889,Staten Island,1.81,"Annadale-Huguenot-Prince's Bay-Woodrow, Staten Island"
Arden Heights-Rossville,Deep and Contiguous Flooding,1276915.318163702,67773961.36,Staten Island,1.88,"Arden Heights-Rossville, Staten Island"
Arden Heights-Rossville,Nuisance Flooding,1769744.7457741753,67773961.36,Staten Island,2.61,"Arden Heights-Rossville, Staten Island"
Astoria (Central),Deep and Contiguous Flooding,389318.1475129781,21084822.1066,Queens,1.85,"Astoria (Central), Queens"
Astoria (Central),Nuisance Flooding,777165.9348668276,21084822.1066,Queens,3.69,"Astoria (Central), Queens"
Astoria (East)-Woodside (North),Deep and Contiguous Flooding,554189.9511520065,26043273.0652,Queens,2.13,"Astoria (East)-Woodside (North), Queens"
Astoria (East)-Woodside (North),Nuisance Flooding,1374449.016744276,26043273.0652,Queens,5.28,"Astoria (East)-Woodside (North), Queens"
Astoria (North)-Ditmars-Steinway,Deep and Contiguous Flooding,1596906.6371932372,58301781.4345,Queens,2.74,"Astoria (North)-Ditmars-Steinway, Queens"
Astoria (North)-Ditmars-Steinway,Future High Tides 2080,219671.52899299114,58301781.4345,Queens,0.38,"Astoria (North)-Ditmars-Steinway, Queens"
Astoria (North)-Ditmars-Steinway,Nuisance Flooding,1994969.4235838614,58301781.4345,Queens,3.42,"Astoria (North)-Ditmars-Steinway, Queens"
Astoria Park,Deep and Contiguous Flooding,31816.362052714136,2674946.18123,Queens,1.19,"Astoria Park, Queens"
Astoria Park,Future High Tides 2080,2482.3303272341873,2674946.18123,Queens,0.09,"Astoria Park, Queens"
Astoria Park,Nuisance Flooding,25060.202021045283,2674946.18123,Queens,0.94,"Astoria Park, Queens"
Auburndale,Deep and Contiguous Flooding,3744909.1059937924,55464872.0522,Queens,6.75,"Auburndale, Queens"
Auburndale,Nuisance Flooding,2575431.864708657,55464872.0522,Queens,4.64,"Auburndale, Queens"
Baisley Park,Deep and Contiguous Flooding,4159300.971150496,47948908.2805,Queens,8.67,"Baisley Park, Queens"
Baisley Park,Nuisance Flooding,2440984.5550873266,47948908.2805,Queens,5.09,"Baisley Park, Queens"
Barren Island-Floyd Bennett Field,Deep and Contiguous Flooding,178650.21214730784,54666303.4387,Brooklyn,0.33,"Barren Island-Floyd Bennett Field, Brooklyn"
Barren Island-Floyd Bennett Field,Future High Tides 2080,718755.1157105559,54666303.4387,Brooklyn,1.31,"Barren Island-Floyd Bennett Field, Brooklyn"
Barren Island-Floyd Bennett Field,Nuisance Flooding,1103018.371616817,54666303.4387,Brooklyn,2.02,"Barren Island-Floyd Bennett Field, Brooklyn"
Bath Beach,Deep and Contiguous Flooding,1347618.0851386408,20556460.0625,Brooklyn,6.56,"Bath Beach, Brooklyn"
Bath Beach,Future High Tides 2080,41129.29274903129,20556460.0625,Brooklyn,0.2,"Bath Beach, Brooklyn"
Bath Beach,Nuisance Flooding,1160912.2073785008,20556460.0625,Brooklyn,5.65,"Bath Beach, Brooklyn"
Bay Ridge,Deep and Contiguous Flooding,1398147.1143056038,61637531.5168,Brooklyn,2.27,"Bay Ridge, Brooklyn"
Bay Ridge,Future High Tides 2080,200039.814764681,61637531.5168,Brooklyn,0.32,"Bay Ridge, Brooklyn"
Bay Ridge,Nuisance Flooding,2466249.136447473,61637531.5168,Brooklyn,4.0,"Bay Ridge, Brooklyn"
Bay Terrace-Clearview,Deep and Contiguous Flooding,1416865.8144906682,39315519.5052,Queens,3.6,"Bay Terrace-Clearview, Queens"
Bay Terrace-Clearview,Future High Tides 2080,171439.61506189933,39315519.5052,Queens,0.44,"Bay Terrace-Clearview, Queens"
Bay Terrace-Clearview,Nuisance Flooding,1734831.3632232698,39315519.5052,Queens,4.41,"Bay Terrace-Clearview, Queens"
Bayside,Deep and Contiguous Flooding,2229824.572974828,70410061.0842,Queens,3.17,"Bayside, Queens"
Bayside,Future High Tides 2080,907895.830156106,70410061.0842,Queens,1.29,"Bayside, Queens"
Bayside,Nuisance Flooding,2365962.537254287,70410061.0842,Queens,3.36,"Bayside, Queens"
Bedford Park,Deep and Contiguous Flooding,99511.94242454371,24552528.7488,Bronx,0.41,"Bedford Park, Bronx"
Bedford Park,Nuisance Flooding,142424.55224182035,24552528.7488,Bronx,0.58,"Bedford Park, Bronx"
Bedford-Stuyvesant (East),Deep and Contiguous Flooding,3111636.190415533,41289700.877,Brooklyn,7.54,"Bedford-Stuyvesant (East), Brooklyn"
Bedford-Stuyvesant (East),Nuisance Flooding,1228004.2590788547,41289700.877,Brooklyn,2.97,"Bedford-Stuyvesant (East), Brooklyn"
Bedford-Stuyvesant (West),Deep and Contiguous Flooding,2382767.577314366,36906698.8321,Brooklyn,6.46,"Bedford-Stuyvesant (West), Brooklyn"
Bedford-Stuyvesant (West),Nuisance Flooding,1347948.340799244,36906698.8321,Brooklyn,3.65,"Bedford-Stuyvesant (West), Brooklyn"
Bellerose,Deep and Contiguous Flooding,2833262.4209198235,55322223.1494,Queens,5.12,"Bellerose, Queens"
Bellerose,Nuisance Flooding,3437814.5405544923,55322223.1494,Queens,6.21,"Bellerose, Queens"
Belmont,Deep and Contiguous Flooding,384363.6350709841,16393957.7466,Bronx,2.34,"Belmont, Bronx"
Belmont,Nuisance Flooding,191056.67154560125,16393957.7466,Bronx,1.17,"Belmont, Bronx"
Bensonhurst,Deep and Contiguous Flooding,1614151.7048222201,48634931.2239,Brooklyn,3.32,"Bensonhurst, Brooklyn"
Bensonhurst,Nuisance Flooding,3876987.6502886876,48634931.2239,Brooklyn,7.97,"Bensonhurst, Brooklyn"
Borough Park,Deep and Contiguous Flooding,2261918.446190152,40481286.3048,Brooklyn,5.59,"Borough Park, Brooklyn"
Borough Park,Nuisance Flooding,2941435.5020135655,40481286.3048,Brooklyn,7.27,"Borough Park, Brooklyn"
Breezy Point-Belle Harbor-Rockaway Park-Broad Channel,Deep and Contiguous Flooding,45010.99527633823,69230686.891,Queens,0.07,"Breezy Point-Belle Harbor-Rockaway Park-Broad Channel, Queens"
Breezy Point-Belle Harbor-Rockaway Park-Broad Channel,Future High Tides 2080,34532073.99610616,69230686.891,Queens,49.88,"Breezy Point-Belle Harbor-Rockaway Park-Broad Channel, Queens"
Breezy Point-Belle Harbor-Rockaway Park-Broad Channel,Nuisance Flooding,130386.03008465121,69230686.891,Queens,0.19,"Breezy Point-Belle Harbor-Rockaway Park-Broad Channel, Queens"
Brighton Beach,Deep and Contiguous Flooding,48407.90136858431,13564292.9924,Brooklyn,0.36,"Brighton Beach, Brooklyn"
Brighton Beach,Future High Tides 2080,3155362.0383575764,13564292.9924,Brooklyn,23.26,"Brighton Beach, Brooklyn"
Brighton Beach,Nuisance Flooding,909093.2244604261,13564292.9924,Brooklyn,6.7,"Brighton Beach, Brooklyn"
Bronx Park,Deep and Contiguous Flooding,84138.6033740716,33461446.4709,Bronx,0.25,"Bronx Park, Bronx"
Bronx Park,Future High Tides 2080,350445.3738877046,33461446.4709,Bronx,1.05,"Bronx Park, Bronx"
Bronx Park,Nuisance Flooding,39457.562404681914,33461446.4709,Bronx,0.12,"Bronx Park, Bronx"
Brooklyn Heights,Deep and Contiguous Flooding,66356.10891429018,9982321.5639,Brooklyn,0.66,"Brooklyn Heights, Brooklyn"
Brooklyn Heights,Future High Tides 2080,55508.02230020634,9982321.5639,Brooklyn,0.56,"Brooklyn Heights, Brooklyn"
Brooklyn Heights,Nuisance Flooding,87691.65481202285,9982321.5639,Brooklyn,0.88,"Brooklyn Heights, Brooklyn"
Brooklyn Navy Yard,Deep and Contiguous Flooding,96752.0794674368,10106059.8309,Brooklyn,0.96,"Brooklyn Navy Yard, Brooklyn"
Brooklyn Navy Yard,Future High Tides 2080,25766.401873696483,10106059.8309,Brooklyn,0.25,"Brooklyn Navy Yard, Brooklyn"
Brooklyn Navy Yard,Nuisance Flooding,27108.799053608356,10106059.8309,Brooklyn,0.27,"Brooklyn Navy Yard, Brooklyn"
Brownsville,Deep and Contiguous Flooding,1505644.3260816657,30785525.7754,Brooklyn,4.89,"Brownsville, Brooklyn"
Brownsville,Nuisance Flooding,3331767.264571094,30785525.7754,Brooklyn,10.82,"Brownsville, Brooklyn"
Bushwick (East),Deep and Contiguous Flooding,2370521.223673042,27932138.1205,Brooklyn,8.49,"Bushwick (East), Brooklyn"
Bushwick (East),Nuisance Flooding,976845.0026982438,27932138.1205,Brooklyn,3.5,"Bushwick (East), Brooklyn"
Bushwick (West),Deep and Contiguous Flooding,1321440.9061454195,23135495.4878,Brooklyn,5.71,"Bushwick (West), Brooklyn"
Bushwick (West),Nuisance Flooding,929218.2407417082,23135495.4878,Brooklyn,4.02,"Bushwick (West), Brooklyn"
Calvary & Mount Zion Cemeteries,Deep and Contiguous Flooding,349514.2026018905,14291820.1275,Queens,2.45,"Calvary & Mount Zion Cemeteries, Queens"
Calvary & Mount Zion Cemeteries,Nuisance Flooding,11587.430381814202,14291820.1275,Queens,0.08,"Calvary & Mount Zion Cemeteries, Queens"
Calvert Vaux Park,Deep and Contiguous Flooding,2887.1680054588783,4222370.8327,Brooklyn,0.07,"Calvert Vaux Park, Brooklyn"
Calvert Vaux Park,Future High Tides 2080,270133.4244662889,4222370.8327,Brooklyn,6.4,"Calvert Vaux Park, Brooklyn"
Calvert Vaux Park,Nuisance Flooding,17264.38630978325,4222370.8327,Brooklyn,0.41,"Calvert Vaux Park, Brooklyn"
Cambria Heights,Deep and Contiguous Flooding,1498005.775170385,33073253.5831,Queens,4.53,"Cambria Heights, Queens"
Cambria Heights,Nuisance Flooding,1791688.9124066548,33073253.5831,Queens,5.42,"Cambria Heights, Queens"
Canarsie,Deep and Contiguous Flooding,3968877.015895309,70537629.7773,Brooklyn,5.63,"Canarsie, Brooklyn"
Canarsie,Future High Tides 2080,1414466.2367875874,70537629.7773,Brooklyn,2.01,"Canarsie, Brooklyn"
Canarsie,Nuisance Flooding,4253724.064513329,70537629.7773,Brooklyn,6.03,"Canarsie, Brooklyn"
Canarsie Park & Pier,Deep and Contiguous Flooding,37716.52996307683,11552049.1599,Brooklyn,0.33,"Canarsie Park & Pier, Brooklyn"
Canarsie Park & Pier,Future High Tides 2080,1462768.8136366352,11552049.1599,Brooklyn,12.66,"Canarsie Park & Pier, Brooklyn"
Canarsie Park & Pier,Nuisance Flooding,137896.3378645416,11552049.1599,Brooklyn,1.19,"Canarsie Park & Pier, Brooklyn"
Carroll Gardens-Cobble Hill-Gowanus-Red Hook,Deep and Contiguous Flooding,1502162.022395184,60811778.0076,Brooklyn,2.47,"Carroll Gardens-Cobble Hill-Gowanus-Red Hook, Brooklyn"
Carroll Gardens-Cobble Hill-Gowanus-Red Hook,Future High Tides 2080,4324272.624728386,60811778.0076,Brooklyn,7.11,"Carroll Gardens-Cobble Hill-Gowanus-Red Hook, Brooklyn"
Carroll Gardens-Cobble Hill-Gowanus-Red Hook,Nuisance Flooding,2485757.3233771687,60811778.0076,Brooklyn,4.09,"Carroll Gardens-Cobble Hill-Gowanus-Red Hook, Brooklyn"
Castle Hill-Unionport,Deep and Contiguous Flooding,741919.6181553322,32897687.4662,Bronx,2.26,"Castle Hill-Unionport, Bronx"
Castle Hill-Unionport,Future High Tides 2080,500121.14883319,32897687.4662,Bronx,1.52,"Castle Hill-Unionport, Bronx"
Castle Hill-Unionport,Nuisance Flooding,1037446.3342707779,32897687.4662,Bronx,3.15,"Castle Hill-Unionport, Bronx"
Central Park,Nuisance Flooding,41968.619225299095,38312378.8243,Manhattan,0.11,"Central Park, Manhattan"
Chelsea-Hudson Yards,Deep and Contiguous Flooding,625930.867139904,29671751.569,Manhattan,2.11,"Chelsea-Hudson Yards, Manhattan"
Chelsea-Hudson Yards,Future High Tides 2080,3141987.60713669,29671751.569,Manhattan,10.59,"Chelsea-Hudson Yards, Manhattan"
Chelsea-Hudson Yards,Nuisance Flooding,2339850.1397457584,29671751.569,Manhattan,7.89,"Chelsea-Hudson Yards, Manhattan"
Chinatown-Two Bridges,Deep and Contiguous Flooding,77539.91637877376,11542627.5238,Manhattan,0.67,"Chinatown-Two Bridges, Manhattan"
Chinatown-Two Bridges,Future High Tides 2080,617462.2985639849,11542627.5238,Manhattan,5.35,"Chinatown-Two Bridges, Manhattan"
Chinatown-Two Bridges,Nuisance Flooding,317655.89617280406,11542627.5238,Manhattan,2.75,"Chinatown-Two Bridges, Manhattan"
Claremont Park,Nuisance Flooding,10762.372816097395,1863712.18139,Bronx,0.58,"Claremont Park, Bronx"
Claremont Village-Claremont (East),Deep and Contiguous Flooding,156775.34326798012,9996877.13443,Bronx,1.57,"Claremont Village-Claremont (East), Bronx"
Claremont Village-Claremont (East),Nuisance Flooding,308174.27017675515,9996877.13443,Bronx,3.08,"Claremont Village-Claremont (East), Bronx"
Clinton Hill,Deep and Contiguous Flooding,266518.1962518408,14566584.9261,Brooklyn,1.83,"Clinton Hill, Brooklyn"
Clinton Hill,Nuisance Flooding,385466.70152828644,14566584.9261,Brooklyn,2.65,"Clinton Hill, Brooklyn"
Co-op City,Deep and Contiguous Flooding,1331894.597439914,29055661.0195,Bronx,4.58,"Co-op City, Bronx"
Co-op City,Future High Tides 2080,399403.6420593448,29055661.0195,Bronx,1.37,"Co-op City, Bronx"
Co-op City,Nuisance Flooding,1349216.2135545209,29055661.0195,Bronx,4.64,"Co-op City, Bronx"
College Point,Deep and Contiguous Flooding,3819930.31887605,66709670.1141,Queens,5.73,"College Point, Queens"
College Point,Future High Tides 2080,1416205.6643912562,66709670.1141,Queens,2.12,"College Point, Queens"
College Point,Nuisance Flooding,1313019.1371336817,66709670.1141,Queens,1.97,"College Point, Queens"
Concourse-Concourse Village,Deep and Contiguous Flooding,496088.93022890034,26502799.9375,Bronx,1.87,"Concourse-Concourse Village, Bronx"
Concourse-Concourse Village,Future High Tides 2080,658362.4540217007,26502799.9375,Bronx,2.48,"Concourse-Concourse Village, Bronx"
Concourse-Concourse Village,Nuisance Flooding,236431.9554630907,26502799.9375,Bronx,0.89,"Concourse-Concourse Village, Bronx"
Coney Island-Sea Gate,Deep and Contiguous Flooding,346689.1300897605,47504618.8277,Brooklyn,0.73,"Coney Island-Sea Gate, Brooklyn"
Coney Island-Sea Gate,Future High Tides 2080,18153422.888066083,47504618.8277,Brooklyn,38.21,"Coney Island-Sea Gate, Brooklyn"
Coney Island-Sea Gate,Nuisance Flooding,1398418.5315871914,47504618.8277,Brooklyn,2.94,"Coney Island-Sea Gate, Brooklyn"
Corona,Deep and Contiguous Flooding,2211589.727470402,24025748.0823,Queens,9.21,"Corona, Queens"
Corona,Nuisance Flooding,959111.6883815132,24025748.0823,Queens,3.99,"Corona, Queens"
Crotona Park,Deep and Contiguous Flooding,111249.32550097875,6339739.07641,Bronx,1.75,"Crotona Park, Bronx"
Crotona Park,Nuisance Flooding,4941.917016005009,6339739.07641,Bronx,0.08,"Crotona Park, Bronx"
Crotona Park East,Deep and Contiguous Flooding,360999.2127558256,15978392.0855,Bronx,2.26,"Crotona Park East, Bronx"
Crotona Park East,Future High Tides 2080,218805.59648638402,15978392.0855,Bronx,1.37,"Crotona Park East, Bronx"
Crotona Park East,Nuisance Flooding,407530.4529703275,15978392.0855,Bronx,2.55,"Crotona Park East, Bronx"
Crown Heights (North),Deep and Contiguous Flooding,243145.39663583148,35416337.6304,Brooklyn,0.69,"Crown Heights (North), Brooklyn"
Crown Heights (North),Nuisance Flooding,1519601.7258258006,35416337.6304,Brooklyn,4.29,"Crown Heights (North), Brooklyn"
Crown Heights (South),Deep and Contiguous Flooding,48819.68164807842,20053793.1186,Brooklyn,0.24,"Crown Heights (South), Brooklyn"
Crown Heights (South),Nuisance Flooding,280693.1332586794,20053793.1186,Brooklyn,1.4,"Crown Heights (South), Brooklyn"
Cunningham Park,Deep and Contiguous Flooding,267002.2603981524,21304892.6357,Queens,1.25,"Cunningham Park, Queens"
Cunningham Park,Nuisance Flooding,128229.46283802231,21304892.6357,Queens,0.6,"Cunningham Park, Queens"
Cypress Hills,Deep and Contiguous Flooding,751352.7107557962,24378886.7226,Brooklyn,3.08,"Cypress Hills, Brooklyn"
Cypress Hills,Nuisance Flooding,1117039.2300895685,24378886.7226,Brooklyn,4.58,"Cypress Hills, Brooklyn"
Douglaston-Little Neck,Deep and Contiguous Flooding,897667.6119906778,68149461.02,Queens,1.32,"Douglaston-Little Neck, Queens"
Douglaston-Little Neck,Future High Tides 2080,2040595.8510308834,68149461.02,Queens,2.99,"Douglaston-Little Neck, Queens"
Douglaston-Little Neck,Nuisance Flooding,1690685.782202708,68149461.02,Queens,2.48,"Douglaston-Little Neck, Queens"
Downtown Brooklyn-DUMBO-Boerum Hill,Deep and Contiguous Flooding,260173.78339658977,23733661.9747,Brooklyn,1.1,"Downtown Brooklyn-DUMBO-Boerum Hill, Brooklyn"
Downtown Brooklyn-DUMBO-Boerum Hill,Future High Tides 2080,391883.8638339364,23733661.9747,Brooklyn,1.65,"Downtown Brooklyn-DUMBO-Boerum Hill, Brooklyn"
Downtown Brooklyn-DUMBO-Boerum Hill,Nuisance Flooding,841080.5974166521,23733661.9747,Brooklyn,3.54,"Downtown Brooklyn-DUMBO-Boerum Hill, Brooklyn"
Dyker Beach Park,Deep and Contiguous Flooding,77269.45434554468,9989377.44273,Brooklyn,0.77,"Dyker Beach Park, Brooklyn"
Dyker Beach Park,Nuisance Flooding,163034.2009124953,9989377.44273,Brooklyn,1.63,"Dyker Beach Park, Brooklyn"
Dyker Heights,Deep and Contiguous Flooding,404152.2466908855,29119073.0033,Brooklyn,1.39,"Dyker Heights, Brooklyn"
Dyker Heights,Nuisance Flooding,995685.1092248294,29119073.0033,Brooklyn,3.42,"Dyker Heights, Brooklyn"
East Elmhurst,Deep and Contiguous Flooding,2034718.2760696432,28763852.9088,Queens,7.07,"East Elmhurst, Queens"
East Elmhurst,Nuisance Flooding,1768805.2915789355,28763852.9088,Queens,6.15,"East Elmhurst, Queens"
East Flatbush-Erasmus,Deep and Contiguous Flooding,734356.5757599147,19770955.3819,Brooklyn,3.71,"East Flatbush-Erasmus, Brooklyn"
East Flatbush-Erasmus,Nuisance Flooding,1481604.3122496838,19770955.3819,Brooklyn,7.49,"East Flatbush-Erasmus, Brooklyn"
East Flatbush-Farragut,Deep and Contiguous Flooding,1778961.1646053307,24121898.7969,Brooklyn,7.37,"East Flatbush-Farragut, Brooklyn"
East Flatbush-Farragut,Nuisance Flooding,1861475.6110811953,24121898.7969,Brooklyn,7.72,"East Flatbush-Farragut, Brooklyn"
East Flatbush-Remsen Village,Deep and Contiguous Flooding,744988.6725218964,18387355.0273,Brooklyn,4.05,"East Flatbush-Remsen Village, Brooklyn"
East Flatbush-Remsen Village,Nuisance Flooding,1356169.5142288248,18387355.0273,Brooklyn,7.38,"East Flatbush-Remsen Village, Brooklyn"
East Flatbush-Rugby,Deep and Contiguous Flooding,1536893.1453665034,27207437.9083,Brooklyn,5.65,"East Flatbush-Rugby, Brooklyn"
East Flatbush-Rugby,Nuisance Flooding,2004862.879918134,27207437.9083,Brooklyn,7.37,"East Flatbush-Rugby, Brooklyn"
East Flushing,Deep and Contiguous Flooding,1484112.9088855637,31659932.664,Queens,4.69,"East Flushing, Queens"
East Flushing,Nuisance Flooding,2044120.0274423065,31659932.664,Queens,6.46,"East Flushing, Queens"
East Harlem (North),Deep and Contiguous Flooding,371509.98639888497,26104505.1242,Manhattan,1.42,"East Harlem (North), Manhattan"
East Harlem (North),Future High Tides 2080,1304307.0412866143,26104505.1242,Manhattan,5.0,"East Harlem (North), Manhattan"
East Harlem (North),Nuisance Flooding,473052.64621537016,26104505.1242,Manhattan,1.81,"East Harlem (North), Manhattan"
East Harlem (South),Deep and Contiguous Flooding,622475.411398229,16653939.7375,Manhattan,3.74,"East Harlem (South), Manhattan"
East Harlem (South),Future High Tides 2080,320822.12289308745,16653939.7375,Manhattan,1.93,"East Harlem (South), Manhattan"
East Harlem (South),Nuisance Flooding,837984.002784666,16653939.7375,Manhattan,5.03,"East Harlem (South), Manhattan"
East Midtown-Turtle Bay,Deep and Contiguous Flooding,460176.72567630233,13138095.5495,Manhattan,3.5,"East Midtown-Turtle Bay, Manhattan"
East Midtown-Turtle Bay,Future High Tides 2080,57607.09735924097,13138095.5495,Manhattan,0.44,"East Midtown-Turtle Bay, Manhattan"
East Midtown-Turtle Bay,Nuisance Flooding,480933.73008837097,13138095.5495,Manhattan,3.66,"East Midtown-Turtle Bay, Manhattan"
East New York (North),Deep and Contiguous Flooding,1471655.0821534353,27906985.6795,Brooklyn,5.27,"East New York (North), Brooklyn"
East New York (North),Nuisance Flooding,1879161.6142789347,27906985.6795,Brooklyn,6.73,"East New York (North), Brooklyn"
East New York-City Line,Deep and Contiguous Flooding,1916814.3992037387,31529167.9125,Brooklyn,6.08,"East New York-City Line, Brooklyn"
East New York-City Line,Future High Tides 2080,229245.14794194893,31529167.9125,Brooklyn,0.73,"East New York-City Line, Brooklyn"
East New York-City Line,Nuisance Flooding,1715287.7165230466,31529167.9125,Brooklyn,5.44,"East New York-City Line, Brooklyn"
East New York-New Lots,Deep and Contiguous Flooding,4568247.2322472995,46453841.9236,Brooklyn,9.83,"East New York-New Lots, Brooklyn"
East New York-New Lots,Nuisance Flooding,3585891.256513973,46453841.9236,Brooklyn,7.72,"East New York-New Lots, Brooklyn"
East Village,Deep and Contiguous Flooding,583026.9215854701,18978774.8839,Manhattan,3.07,"East Village, Manhattan"
East Village,Future High Tides 2080,456632.1763228179,18978774.8839,Manhattan,2.41,"East Village, Manhattan"
East Village,Nuisance Flooding,1157089.417394475,18978774.8839,Manhattan,6.1,"East Village, Manhattan"
East Williamsburg,Deep and Contiguous Flooding,1757908.2625680945,52266211.0207,Brooklyn,3.36,"East Williamsburg, Brooklyn"
East Williamsburg,Future High Tides 2080,899607.7156102468,52266211.0207,Brooklyn,1.72,"East Williamsburg, Brooklyn"
East Williamsburg,Nuisance Flooding,2396499.3140080324,52266211.0207,Brooklyn,4.59,"East Williamsburg, Brooklyn"
Eastchester-Edenwald-Baychester,Deep and Contiguous Flooding,1295673.31669298,56395309.8847,Bronx,2.3,"Eastchester-Edenwald-Baychester, Bronx"
Eastchester-Edenwald-Baychester,Future High Tides 2080,275734.4699481721,56395309.8847,Bronx,0.49,"Eastchester-Edenwald-Baychester, Bronx"
Eastchester-Edenwald-Baychester,Nuisance Flooding,2465624.7546175085,56395309.8847,Bronx,4.37,"Eastchester-Edenwald-Baychester, Bronx"
Elmhurst,Deep and Contiguous Flooding,2847860.15404981,42102083.9919,Queens,6.76,"Elmhurst, Queens"
Elmhurst,Nuisance Flooding,2400074.908411815,42102083.9919,Queens,5.7,"Elmhurst, Queens"
Far Rockaway-Bayswater,Deep and Contiguous Flooding,662616.3651718366,60475222.3915,Queens,1.1,"Far Rockaway-Bayswater, Queens"
Far Rockaway-Bayswater,Future High Tides 2080,16030599.622715387,60475222.3915,Queens,26.51,"Far Rockaway-Bayswater, Queens"
Far Rockaway-Bayswater,Nuisance Flooding,1505674.5836647435,60475222.3915,Queens,2.49,"Far Rockaway-Bayswater, Queens"
Ferry Point Park-St. Raymond Cemetery,Deep and Contiguous Flooding,252987.8206648868,21745194.1586,Bronx,1.16,"Ferry Point Park-St. Raymond Cemetery, Bronx"
Ferry Point Park-St. Raymond Cemetery,Future High Tides 2080,1835881.117481776,21745194.1586,Bronx,8.44,"Ferry Point Park-St. Raymond Cemetery, Bronx"
Ferry Point Park-St. Raymond Cemetery,Nuisance Flooding,173924.77339808858,21745194.1586,Bronx,0.8,"Ferry Point Park-St. Raymond Cemetery, Bronx"
Financial District-Battery Park City,Deep and Contiguous Flooding,641229.8855520547,19245010.1997,Manhattan,3.33,"Financial District-Battery Park City, Manhattan"
Financial District-Battery Park City,Future High Tides 2080,2927367.1090556476,19245010.1997,Manhattan,15.21,"Financial District-Battery Park City, Manhattan"
Financial District-Battery Park City,Nuisance Flooding,406919.75777228386,19245010.1997,Manhattan,2.11,"Financial District-Battery Park City, Manhattan"
Flatbush,Deep and Contiguous Flooding,1373504.3295768953,24024171.1685,Brooklyn,5.72,"Flatbush, Brooklyn"
Flatbush,Nuisance Flooding,1552007.4091378658,24024171.1685,Brooklyn,6.46,"Flatbush, Brooklyn"
Flatbush (West)-Ditmas Park-Parkville,Deep and Contiguous Flooding,1584684.5213212883,22904661.526,Brooklyn,6.92,"Flatbush (West)-Ditmas Park-Parkville, Brooklyn"
Flatbush (West)-Ditmas Park-Parkville,Nuisance Flooding,1902478.2700082357,22904661.526,Brooklyn,8.31,"Flatbush (West)-Ditmas Park-Parkville, Brooklyn"
Flatlands,Deep and Contiguous Flooding,4254479.654816599,54337180.768,Brooklyn,7.83,"Flatlands, Brooklyn"
Flatlands,Nuisance Flooding,5159782.387921783,54337180.768,Brooklyn,9.5,"Flatlands, Brooklyn"
Flushing Meadows-Corona Park,Deep and Contiguous Flooding,444298.6091792565,55241396.6981,Queens,0.8,"Flushing Meadows-Corona Park, Queens"
Flushing Meadows-Corona Park,Future High Tides 2080,9707328.93881809,55241396.6981,Queens,17.57,"Flushing Meadows-Corona Park, Queens"
Flushing Meadows-Corona Park,Nuisance Flooding,456402.88908327447,55241396.6981,Queens,0.83,"Flushing Meadows-Corona Park, Queens"
Flushing-Willets Point,Deep and Contiguous Flooding,1551467.3290376384,38542563.6057,Queens,4.03,"Flushing-Willets Point, Queens"
Flushing-Willets Point,Future High Tides 2080,1612673.6727555876,38542563.6057,Queens,4.18,"Flushing-Willets Point, Queens"
Flushing-Willets Point,Nuisance Flooding,1586253.0002287203,38542563.6057,Queens,4.12,"Flushing-Willets Point, Queens"
Fordham Heights,Deep and Contiguous Flooding,51007.131074722194,7379039.5076,Bronx,0.69,"Fordham Heights, Bronx"
Fordham Heights,Nuisance Flooding,135831.39754991228,7379039.5076,Bronx,1.84,"Fordham Heights, Bronx"
Forest Hills,Deep and Contiguous Flooding,2480985.884495713,57953603.9106,Queens,4.28,"Forest Hills, Queens"
Forest Hills,Nuisance Flooding,2319299.552518111,57953603.9106,Queens,4.0,"Forest Hills, Queens"
Forest Park,Deep and Contiguous Flooding,12012.173362276388,24010777.0545,Queens,0.05,"Forest Park, Queens"
Fort Greene,Deep and Contiguous Flooding,320812.43130407145,17534196.303,Brooklyn,1.83,"Fort Greene, Brooklyn"
Fort Greene,Nuisance Flooding,489241.35868462245,17534196.303,Brooklyn,2.79,"Fort Greene, Brooklyn"
Fort Hamilton,Deep and Contiguous Flooding,63088.0411123168,8463972.24569,Brooklyn,0.75,"Fort Hamilton, Brooklyn"
Fort Hamilton,Future High Tides 2080,3660.3736204755764,8463972.24569,Brooklyn,0.04,"Fort Hamilton, Brooklyn"
Fort Hamilton,Nuisance Flooding,42414.52175087725,8463972.24569,Brooklyn,0.5,"Fort Hamilton, Brooklyn"
Fort Totten,Future High Tides 2080,236711.32763172584,6957321.57064,Queens,3.4,"Fort Totten, Queens"
Fort Totten,Nuisance Flooding,1415.8682300829782,6957321.57064,Queens,0.02,"Fort Totten, Queens"
Fort Wadsworth,Future High Tides 2080,3698.5186702635233,9867249.10447,Staten Island,0.04,"Fort Wadsworth, Staten Island"
Fresh Meadows-Utopia,Deep and Contiguous Flooding,3508552.88924207,33196056.2018,Queens,10.57,"Fresh Meadows-Utopia, Queens"
Fresh Meadows-Utopia,Nuisance Flooding,1274657.45765933,33196056.2018,Queens,3.84,"Fresh Meadows-Utopia, Queens"
Freshkills Park (North),Deep and Contiguous Flooding,252465.62917784683,68122138.8729,Staten Island,0.37,"Freshkills Park (North), Staten Island"
Freshkills Park (North),Future High Tides 2080,10251641.91176046,68122138.8729,Staten Island,15.05,"Freshkills Park (North), Staten Island"
Freshkills Park (North),Nuisance Flooding,209550.9209360274,68122138.8729,Staten Island,0.31,"Freshkills Park (North), Staten Island"
Freshkills Park (South),Deep and Contiguous Flooding,400667.27837117313,47758768.993,Staten Island,0.84,"Freshkills Park (South), Staten Island"
Freshkills Park (South),Future High Tides 2080,1229816.5238965554,47758768.993,Staten Island,2.58,"Freshkills Park (South), Staten Island"
Freshkills Park (South),Nuisance Flooding,60358.0088986037,47758768.993,Staten Island,0.13,"Freshkills Park (South), Staten Island"
Glen Oaks-Floral Park-New Hyde Park,Deep and Contiguous Flooding,1561620.1032710143,45421117.0852,Queens,3.44,"Glen Oaks-Floral Park-New Hyde Park, Queens"
Glen Oaks-Floral Park-New Hyde Park,Nuisance Flooding,3521569.795778755,45421117.0852,Queens,7.75,"Glen Oaks-Floral Park-New Hyde Park, Queens"
Glendale,Deep and Contiguous Flooding,1743498.968425575,30006442.3923,Queens,5.81,"Glendale, Queens"
Glendale,Nuisance Flooding,2035060.7459569976,30006442.3923,Queens,6.78,"Glendale, Queens"
Gramercy,Deep and Contiguous Flooding,88475.268126505,7526916.32166,Manhattan,1.18,"Gramercy, Manhattan"
Gramercy,Nuisance Flooding,430355.92960813723,7526916.32166,Manhattan,5.72,"Gramercy, Manhattan"
Grasmere-Arrochar-South Beach-Dongan Hills,Deep and Contiguous Flooding,5039119.406169616,80110762.8654,Staten Island,6.29,"Grasmere-Arrochar-South Beach-Dongan Hills, Staten Island"
Grasmere-Arrochar-South Beach-Dongan Hills,Future High Tides 2080,800808.6623303405,80110762.8654,Staten Island,1.0,"Grasmere-Arrochar-South Beach-Dongan Hills, Staten Island"
Grasmere-Arrochar-South Beach-Dongan Hills,Nuisance Flooding,4177076.71764895,80110762.8654,Staten Island,5.21,"Grasmere-Arrochar-South Beach-Dongan Hills, Staten Island"
Gravesend (East)-Homecrest,Deep and Contiguous Flooding,1365016.4012036656,34880660.342,Brooklyn,3.91,"Gravesend (East)-Homecrest, Brooklyn"
Gravesend (East)-Homecrest,Nuisance Flooding,3999340.0462990785,34880660.342,Brooklyn,11.47,"Gravesend (East)-Homecrest, Brooklyn"
Gravesend (South),Deep and Contiguous Flooding,3402150.322678949,25835766.5942,Brooklyn,13.17,"Gravesend (South), Brooklyn"
Gravesend (South),Future High Tides 2080,144919.75770261337,25835766.5942,Brooklyn,0.56,"Gravesend (South), Brooklyn"
Gravesend (South),Nuisance Flooding,1419183.5760243083,25835766.5942,Brooklyn,5.49,"Gravesend (South), Brooklyn"
Gravesend (West),Deep and Contiguous Flooding,2801270.650240706,33835199.7632,Brooklyn,8.28,"Gravesend (West), Brooklyn"
Gravesend (West),Future High Tides 2080,313577.61203954066,33835199.7632,Brooklyn,0.93,"Gravesend (West), Brooklyn"
Gravesend (West),Nuisance Flooding,3528366.1928367377,33835199.7632,Brooklyn,10.43,"Gravesend (West), Brooklyn"
Great Kills Park,Deep and Contiguous Flooding,550816.4946494652,23377914.3934,Staten Island,2.36,"Great Kills Park, Staten Island"
Great Kills Park,Future High Tides 2080,3322464.1843277505,23377914.3934,Staten Island,14.21,"Great Kills Park, Staten Island"
Great Kills Park,Nuisance Flooding,653188.7666308971,23377914.3934,Staten Island,2.79,"Great Kills Park, Staten Island"
Great Kills-Eltingville,Deep and Contiguous Flooding,3642681.430393203,116746800.832,Staten Island,3.12,"Great Kills-Eltingville, Staten Island"
Great Kills-Eltingville,Future High Tides 2080,2166629.1298272214,116746800.832,Staten Island,1.86,"Great Kills-Eltingville, Staten Island"
Great Kills-Eltingville,Nuisance Flooding,4429201.052160808,116746800.832,Staten Island,3.79,"Great Kills-Eltingville, Staten Island"
Green-Wood Cemetery,Deep and Contiguous Flooding,5288.494986926759,21101598.4048,Brooklyn,0.03,"Green-Wood Cemetery, Brooklyn"
Green-Wood Cemetery,Nuisance Flooding,96904.82798191902,21101598.4048,Brooklyn,0.46,"Green-Wood Cemetery, Brooklyn"
Greenpoint,Deep and Contiguous Flooding,1790620.2006704928,35321206.8675,Brooklyn,5.07,"Greenpoint, Brooklyn"
Greenpoint,Future High Tides 2080,2038654.8932599784,35321206.8675,Brooklyn,5.77,"Greenpoint, Brooklyn"
Greenpoint,Nuisance Flooding,1307740.1480832233,35321206.8675,Brooklyn,3.7,"Greenpoint, Brooklyn"
Greenwich Village,Deep and Contiguous Flooding,145269.5162167739,10605561.5625,Manhattan,1.37,"Greenwich Village, Manhattan"
Greenwich Village,Nuisance Flooding,587261.1745960962,10605561.5625,Manhattan,5.54,"Greenwich Village, Manhattan"
Hamilton Heights-Sugar Hill,Future High Tides 2080,18115.95693194987,15984383.0087,Manhattan,0.11,"Hamilton Heights-Sugar Hill, Manhattan"
Hamilton Heights-Sugar Hill,Nuisance Flooding,166872.62793814685,15984383.0087,Manhattan,1.04,"Hamilton Heights-Sugar Hill, Manhattan"
Harlem (North),Deep and Contiguous Flooding,212347.54205601316,23790626.2217,Manhattan,0.89,"Harlem (North), Manhattan"
Harlem (North),Future High Tides 2080,378801.5599464552,23790626.2217,Manhattan,1.59,"Harlem (North), Manhattan"
Harlem (North),Nuisance Flooding,930138.5737377782,23790626.2217,Manhattan,3.91,"Harlem (North), Manhattan"
Harlem (South),Deep and Contiguous Flooding,350597.8346921927,14441227.4687,Manhattan,2.43,"Harlem (South), Manhattan"
Harlem (South),Nuisance Flooding,652244.3607243189,14441227.4687,Manhattan,4.52,"Harlem (South), Manhattan"
Hell's Kitchen,Deep and Contiguous Flooding,595126.9267458458,18382315.5053,Manhattan,3.24,"Hell's Kitchen, Manhattan"
Hell's Kitchen,Future High Tides 2080,697874.106250183,18382315.5053,Manhattan,3.8,"Hell's Kitchen, Manhattan"
Hell's Kitchen,Nuisance Flooding,1063685.8841174191,18382315.5053,Manhattan,5.79,"Hell's Kitchen, Manhattan"
Highbridge,Deep and Contiguous Flooding,159510.87519123088,13050500.4444,Bronx,1.22,"Highbridge, Bronx"
Highbridge,Future High Tides 2080,37280.50643449137,13050500.4444,Bronx,0.29,"Highbridge, Bronx"
Highbridge,Nuisance Flooding,134137.88279802343,13050500.4444,Bronx,1.03,"Highbridge, Bronx"
Highbridge Park,Future High Tides 2080,100884.61932212293,7752363.94446,Manhattan,1.3,"Highbridge Park, Manhattan"
Highbridge Park,Nuisance Flooding,22221.836621262482,7752363.94446,Manhattan,0.29,"Highbridge Park, Manhattan"
Highland Park-Cypress Hills Cemeteries (North),Deep and Contiguous Flooding,27953.747958241715,31227050.0694,Queens,0.09,"Highland Park-Cypress Hills Cemeteries (North), Queens"
Highland Park-Cypress Hills Cemeteries (North),Nuisance Flooding,42572.128552848255,31227050.0694,Queens,0.14,"Highland Park-Cypress Hills Cemeteries (North), Queens"
Hollis,Deep and Contiguous Flooding,2319606.0511521623,24469310.8206,Queens,9.48,"Hollis, Queens"
Hollis,Nuisance Flooding,1090638.8918837404,24469310.8206,Queens,4.46,"Hollis, Queens"
Holy Cross Cemetery,Deep and Contiguous Flooding,32087.855605495344,4276575.30853,Brooklyn,0.75,"Holy Cross Cemetery, Brooklyn"
Holy Cross Cemetery,Nuisance Flooding,49161.12295889272,4276575.30853,Brooklyn,1.15,"Holy Cross Cemetery, Brooklyn"
Howard Beach-Lindenwood,Deep and Contiguous Flooding,1621492.498560613,52604803.5504,Queens,3.08,"Howard Beach-Lindenwood, Queens"
Howard Beach-Lindenwood,Future High Tides 2080,13110803.884056998,52604803.5504,Queens,24.92,"Howard Beach-Lindenwood, Queens"
Howard Beach-Lindenwood,Nuisance Flooding,2682905.717764209,52604803.5504,Queens,5.1,"Howard Beach-Lindenwood, Queens"
Hunts Point,Deep and Contiguous Flooding,777241.4644767225,45038858.6573,Bronx,1.73,"Hunts Point, Bronx"
Hunts Point,Future High Tides 2080,409804.50357960357,45038858.6573,Bronx,0.91,"Hunts Point, Bronx"
Hunts Point,Nuisance Flooding,1173416.9081861158,45038858.6573,Bronx,2.61,"Hunts Point, Bronx"
Hutchinson Metro Center,Deep and Contiguous Flooding,865409.2380964594,12189729.3404,Bronx,7.1,"Hutchinson Metro Center, Bronx"
Hutchinson Metro Center,Nuisance Flooding,252794.34384627914,12189729.3404,Bronx,2.07,"Hutchinson Metro Center, Bronx"
Inwood,Deep and Contiguous Flooding,682687.6608843618,14437616.0717,Manhattan,4.73,"Inwood, Manhattan"
Inwood,Future High Tides 2080,363470.6066476621,14437616.0717,Manhattan,2.52,"Inwood, Manhattan"
Inwood,Nuisance Flooding,348863.61609156604,14437616.0717,Manhattan,2.42,"Inwood, Manhattan"
Inwood Hill Park,Future High Tides 2080,77836.65224759851,10007466.9083,Manhattan,0.78,"Inwood Hill Park, Manhattan"
Inwood Hill Park,Nuisance Flooding,64328.81187897085,10007466.9083,Manhattan,0.64,"Inwood Hill Park, Manhattan"
Jackson Heights,Deep and Contiguous Flooding,2451034.8828308512,39315143.528,Queens,6.23,"Jackson Heights, Queens"
Jackson Heights,Nuisance Flooding,2020769.6236181718,39315143.528,Queens,5.14,"Jackson Heights, Queens"
Jacob Riis Park-Fort Tilden-Breezy Point Tip,Deep and Contiguous Flooding,359506.98069135577,52637904.1343,Queens,0.68,"Jacob Riis Park-Fort Tilden-Breezy Point Tip, Queens"
Jacob Riis Park-Fort Tilden-Breezy Point Tip,Future High Tides 2080,14307767.251093382,52637904.1343,Queens,27.18,"Jacob Riis Park-Fort Tilden-Breezy Point Tip, Queens"
Jacob Riis Park-Fort Tilden-Breezy Point Tip,Nuisance Flooding,1681993.464156546,52637904.1343,Queens,3.2,"Jacob Riis Park-Fort Tilden-Breezy Point Tip, Queens"
Jamaica,Deep and Contiguous Flooding,3644502.1508401944,46830463.1156,Queens,7.78,"Jamaica, Queens"
Jamaica,Nuisance Flooding,2781943.1058700467,46830463.1156,Queens,5.94,"Jamaica, Queens"
Jamaica Bay (East),Future High Tides 2080,12776974.028621145,69920670.4278,Queens,18.27,"Jamaica Bay (East), Queens"
Jamaica Bay (West),Future High Tides 2080,54189.649649024745,39754276.8935,Brooklyn,0.14,"Jamaica Bay (West), Brooklyn"
Jamaica Estates-Holliswood,Deep and Contiguous Flooding,856820.0178762729,39411596.0793,Queens,2.17,"Jamaica Estates-Holliswood, Queens"
Jamaica Estates-Holliswood,Nuisance Flooding,1561666.5344726066,39411596.0793,Queens,3.96,"Jamaica Estates-Holliswood, Queens"
Jamaica Hills-Briarwood,Deep and Contiguous Flooding,505286.58655466547,27602417.8737,Queens,1.83,"Jamaica Hills-Briarwood, Queens"
Jamaica Hills-Briarwood,Nuisance Flooding,789025.4011793173,27602417.8737,Queens,2.86,"Jamaica Hills-Briarwood, Queens"
John F. Kennedy International Airport,Deep and Contiguous Flooding,224231.6997512944,197189857.968,Queens,0.11,"John F. Kennedy International Airport, Queens"
John F. Kennedy International Airport,Future High Tides 2080,3441.6910488782723,197189857.968,Queens,0.0,"John F. Kennedy International Airport, Queens"
John F. Kennedy International Airport,Nuisance Flooding,143199.33907185734,197189857.968,Queens,0.07,"John F. Kennedy International Airport, Queens"
Kensington,Deep and Contiguous Flooding,950277.4817346168,17471228.6403,Brooklyn,5.44,"Kensington, Brooklyn"
Kensington,Nuisance Flooding,1552028.2871049768,17471228.6403,Brooklyn,8.88,"Kensington, Brooklyn"
Kew Gardens,Deep and Contiguous Flooding,243327.2123337403,20284898.7733,Queens,1.2,"Kew Gardens, Queens"
Kew Gardens,Nuisance Flooding,526888.484720066,20284898.7733,Queens,2.6,"Kew Gardens, Queens"
Kew Gardens Hills,Deep and Contiguous Flooding,1328350.050077343,34306412.8452,Queens,3.87,"Kew Gardens Hills, Queens"
Kew Gardens Hills,Nuisance Flooding,1440988.363890055,34306412.8452,Queens,4.2,"Kew Gardens Hills, Queens"
Kingsbridge Heights-Van Cortlandt Village,Deep and Contiguous Flooding,215664.7353699824,10966721.2349,Bronx,1.97,"Kingsbridge Heights-Van Cortlandt Village, Bronx"
Kingsbridge Heights-Van Cortlandt Village,Nuisance Flooding,184111.28821480673,10966721.2349,Bronx,1.68,"Kingsbridge Heights-Van Cortlandt Village, Bronx"
Kingsbridge-Marble Hill,Deep and Contiguous Flooding,639455.8987105221,12312473.895,Bronx,5.19,"Kingsbridge-Marble Hill, Bronx"
Kingsbridge-Marble Hill,Future High Tides 2080,62360.26669534004,12312473.895,Bronx,0.51,"Kingsbridge-Marble Hill, Bronx"
Kingsbridge-Marble Hill,Nuisance Flooding,331426.08170791174,12312473.895,Bronx,2.69,"Kingsbridge-Marble Hill, Bronx"
Kissena Park,Deep and Contiguous Flooding,40823.993537982,11015411.6919,Queens,0.37,"Kissena Park, Queens"
Kissena Park,Nuisance Flooding,84605.0399448116,11015411.6919,Queens,0.77,"Kissena Park, Queens"
LaGuardia Airport,Deep and Contiguous Flooding,331403.87712770025,30591952.4715,Queens,1.08,"LaGuardia Airport, Queens"
LaGuardia Airport,Future High Tides 2080,1231891.7691368596,30591952.4715,Queens,4.03,"LaGuardia Airport, Queens"
LaGuardia Airport,Nuisance Flooding,88493.60940198123,30591952.4715,Queens,0.29,"LaGuardia Airport, Queens"
Laurelton,Deep and Contiguous Flooding,2748854.9742031065,39840608.8516,Queens,6.9,"Laurelton, Queens"
Laurelton,Nuisance Flooding,2317282.790866369,39840608.8516,Queens,5.82,"Laurelton, Queens"
Long Island City-Hunters Point,Deep and Contiguous Flooding,734175.1188233711,27595502.2835,Queens,2.66,"Long Island City-Hunters Point, Queens"
Long Island City-Hunters Point,Future High Tides 2080,2785774.277418519,27595502.2835,Queens,10.1,"Long Island City-Hunters Point, Queens"
Long Island City-Hunters Point,Nuisance Flooding,1159586.2803258726,27595502.2835,Queens,4.2,"Long Island City-Hunters Point, Queens"
Longwood,Deep and Contiguous Flooding,819547.1475610211,15385148.3534,Bronx,5.33,"Longwood, Bronx"
Longwood,Nuisance Flooding,415765.25197328895,15385148.3534,Bronx,2.7,"Longwood, Bronx"
Lower East Side,Deep and Contiguous Flooding,618223.6791094759,16473191.1785,Manhattan,3.75,"Lower East Side, Manhattan"
Lower East Side,Future High Tides 2080,202912.82855324424,16473191.1785,Manhattan,1.23,"Lower East Side, Manhattan"
Lower East Side,Nuisance Flooding,999422.130026994,16473191.1785,Manhattan,6.07,"Lower East Side, Manhattan"
Madison,Deep and Contiguous Flooding,1897445.9882150288,27379162.5972,Brooklyn,6.93,"Madison, Brooklyn"
Madison,Nuisance Flooding,2325722.4099257123,27379162.5972,Brooklyn,8.49,"Madison, Brooklyn"
Manhattanville-West Harlem,Deep and Contiguous Flooding,75680.64224548763,10734804.632,Manhattan,0.71,"Manhattanville-West Harlem, Manhattan"
Manhattanville-West Harlem,Future High Tides 2080,126480.27581093457,10734804.632,Manhattan,1.18,"Manhattanville-West Harlem, Manhattan"
Manhattanville-West Harlem,Nuisance Flooding,285449.2209511205,10734804.632,Manhattan,2.66,"Manhattanville-West Harlem, Manhattan"
Mapleton-Midwood (West),Deep and Contiguous Flooding,1058208.9341156094,31356436.5476,Brooklyn,3.37,"Mapleton-Midwood (West), Brooklyn"
Mapleton-Midwood (West),Nuisance Flooding,3433554.114421434,31356436.5476,Brooklyn,10.95,"Mapleton-Midwood (West), Brooklyn"
Marine Park-Mill Basin-Bergen Beach,Deep and Contiguous Flooding,3038493.7203886686,58872206.3661,Brooklyn,5.16,"Marine Park-Mill Basin-Bergen Beach, Brooklyn"
Marine Park-Mill Basin-Bergen Beach,Future High Tides 2080,1342991.0058530904,58872206.3661,Brooklyn,2.28,"Marine Park-Mill Basin-Bergen Beach, Brooklyn"
Marine Park-Mill Basin-Bergen Beach,Nuisance Flooding,5147046.99899435,58872206.3661,Brooklyn,8.74,"Marine Park-Mill Basin-Bergen Beach, Brooklyn"
Marine Park-Plumb Island,Deep and Contiguous Flooding,229271.88926052308,43276896.2645,Brooklyn,0.53,"Marine Park-Plumb Island, Brooklyn"
Marine Park-Plumb Island,Future High Tides 2080,6474911.883611146,43276896.2645,Brooklyn,14.96,"Marine Park-Plumb Island, Brooklyn"
Marine Park-Plumb Island,Nuisance Flooding,633496.3741819824,43276896.2645,Brooklyn,1.46,"Marine Park-Plumb Island, Brooklyn"
Mariner's Harbor-Arlington-Graniteville,Deep and Contiguous Flooding,1630486.8276485098,89389092.3789,Staten Island,1.82,"Mariner's Harbor-Arlington-Graniteville, Staten Island"
Mariner's Harbor-Arlington-Graniteville,Future High Tides 2080,5234298.308449667,89389092.3789,Staten Island,5.86,"Mariner's Harbor-Arlington-Graniteville, Staten Island"
Mariner's Harbor-Arlington-Graniteville,Nuisance Flooding,1989790.6088950862,89389092.3789,Staten Island,2.23,"Mariner's Harbor-Arlington-Graniteville, Staten Island"
Maspeth,Deep and Contiguous Flooding,2245136.853264604,58317407.4807,Queens,3.85,"Maspeth, Queens"
Maspeth,Future High Tides 2080,718816.8255027926,58317407.4807,Queens,1.23,"Maspeth, Queens"
Maspeth,Nuisance Flooding,1895594.9427208863,58317407.4807,Queens,3.25,"Maspeth, Queens"
McGuire Fields,Future High Tides 2080,712209.7051415989,10589612.2923,Brooklyn,6.73,"McGuire Fields, Brooklyn"
McGuire Fields,Nuisance Flooding,28909.242022936065,10589612.2923,Brooklyn,0.27,"McGuire Fields, Brooklyn"
Melrose,Deep and Contiguous Flooding,443208.60746161063,17271763.6793,Bronx,2.57,"Melrose, Bronx"
Melrose,Nuisance Flooding,467973.43380369025,17271763.6793,Bronx,2.71,"Melrose, Bronx"
Middle Village,Deep and Contiguous Flooding,1102355.7007710314,34943403.5315,Queens,3.15,"Middle Village, Queens"
Middle Village,Nuisance Flooding,1161852.828063053,34943403.5315,Queens,3.32,"Middle Village, Queens"
Midtown South-Flatiron-Union Square,Deep and Contiguous Flooding,224893.34849510796,14878105.453,Manhattan,1.51,"Midtown South-Flatiron-Union Square, Manhattan"
Midtown South-Flatiron-Union Square,Nuisance Flooding,806864.5356748314,14878105.453,Manhattan,5.42,"Midtown South-Flatiron-Union Square, Manhattan"
Midtown-Times Square,Deep and Contiguous Flooding,546867.9887835764,24552509.2124,Manhattan,2.23,"Midtown-Times Square, Manhattan"
Midtown-Times Square,Nuisance Flooding,1016582.717676989,24552509.2124,Manhattan,4.14,"Midtown-Times Square, Manhattan"
Midwood,Deep and Contiguous Flooding,1038047.0972495049,32217737.2535,Brooklyn,3.22,"Midwood, Brooklyn"
Midwood,Nuisance Flooding,3281970.7474586805,32217737.2535,Brooklyn,10.19,"Midwood, Brooklyn"
Miller Field,Deep and Contiguous Flooding,559907.5658930333,10866804.3473,Staten Island,5.15,"Miller Field, Staten Island"
Miller Field,Future High Tides 2080,617086.3530740915,10866804.3473,Staten Island,5.68,"Miller Field, Staten Island"
Miller Field,Nuisance Flooding,284594.52826605435,10866804.3473,Staten Island,2.62,"Miller Field, Staten Island"
Montefiore Cemetery,Deep and Contiguous Flooding,33281.0908183546,5322023.20958,Queens,0.63,"Montefiore Cemetery, Queens"
Montefiore Cemetery,Nuisance Flooding,3580.043458141739,5322023.20958,Queens,0.07,"Montefiore Cemetery, Queens"
Morningside Heights,Deep and Contiguous Flooding,196755.41097745893,15922766.5733,Manhattan,1.24,"Morningside Heights, Manhattan"
Morningside Heights,Future High Tides 2080,8231.017611708008,15922766.5733,Manhattan,0.05,"Morningside Heights, Manhattan"
Morningside Heights,Nuisance Flooding,239618.07699933506,15922766.5733,Manhattan,1.5,"Morningside Heights, Manhattan"
Morris Park,Deep and Contiguous Flooding,732296.1443515269,27833108.7855,Bronx,2.63,"Morris Park, Bronx"
Morris Park,Nuisance Flooding,937860.895852217,27833108.7855,Bronx,3.37,"Morris Park, Bronx"
Morrisania,Deep and Contiguous Flooding,142422.44904490316,13811174.0863,Bronx,1.03,"Morrisania, Bronx"
Morrisania,Nuisance Flooding,292963.7120374581,13811174.0863,Bronx,2.12,"Morrisania, Bronx"
Mott Haven-Port Morris,Deep and Contiguous Flooding,842653.891040408,40974654.5363,Bronx,2.06,"Mott Haven-Port Morris, Bronx"
Mott Haven-Port Morris,Future High Tides 2080,1191178.4644513652,40974654.5363,Bronx,2.91,"Mott Haven-Port Morris, Bronx"
Mott Haven-Port Morris,Nuisance Flooding,837790.3079019844,40974654.5363,Bronx,2.04,"Mott Haven-Port Morris, Bronx"
Mount Eden-Claremont (West),Deep and Contiguous Flooding,177061.1564521641,13607265.796,Bronx,1.3,"Mount Eden-Claremont (West), Bronx"
Mount Eden-Claremont (West),Nuisance Flooding,238120.21505973223,13607265.796,Bronx,1.75,"Mount Eden-Claremont (West), Bronx"
Mount Hebron & Cedar Grove Cemeteries,Deep and Contiguous Flooding,5024.5942705752,9208958.29278,Queens,0.05,"Mount Hebron & Cedar Grove Cemeteries, Queens"
Mount Hebron & Cedar Grove Cemeteries,Nuisance Flooding,37581.19112009392,9208958.29278,Queens,0.41,"Mount Hebron & Cedar Grove Cemeteries, Queens"
Mount Hope,Deep and Contiguous Flooding,447251.68964586174,12684327.7781,Bronx,3.53,"Mount Hope, Bronx"
Mount Hope,Nuisance Flooding,195226.73445601182,12684327.7781,Bronx,1.54,"Mount Hope, Bronx"
Mount Olivet & All Faiths Cemeteries,Deep and Contiguous Flooding,6460.479624464644,7642767.93202,Queens,0.08,"Mount Olivet & All Faiths Cemeteries, Queens"
Mount Olivet & All Faiths Cemeteries,Nuisance Flooding,43003.366260960756,7642767.93202,Queens,0.56,"Mount Olivet & All Faiths Cemeteries, Queens"
Murray Hill-Broadway Flushing,Deep and Contiguous Flooding,2082114.9301023213,56452698.9252,Queens,3.69,"Murray Hill-Broadway Flushing, Queens"
Murray Hill-Broadway Flushing,Nuisance Flooding,2097092.849539547,56452698.9252,Queens,3.71,"Murray Hill-Broadway Flushing, Queens"
Murray Hill-Kips Bay,Deep and Contiguous Flooding,335112.90516407095,15771152.9354,Manhattan,2.12,"Murray Hill-Kips Bay, Manhattan"
Murray Hill-Kips Bay,Future High Tides 2080,813807.776512119,15771152.9354,Manhattan,5.16,"Murray Hill-Kips Bay, Manhattan"
Murray Hill-Kips Bay,Nuisance Flooding,390839.1783683103,15771152.9354,Manhattan,2.48,"Murray Hill-Kips Bay, Manhattan"
New Dorp-Midland Beach,Deep and Contiguous Flooding,5224775.413466473,62182628.3277,Staten Island,8.4,"New Dorp-Midland Beach, Staten Island"
New Dorp-Midland Beach,Future High Tides 2080,2359973.81269685,62182628.3277,Staten Island,3.8,"New Dorp-Midland Beach, Staten Island"
New Dorp-Midland Beach,Nuisance Flooding,4680947.374350938,62182628.3277,Staten Island,7.53,"New Dorp-Midland Beach, Staten Island"
New Springville-Willowbrook-Bulls Head-Travis,Deep and Contiguous Flooding,3410763.4510417925,209443472.707,Staten Island,1.63,"New Springville-Willowbrook-Bulls Head-Travis, Staten Island"
New Springville-Willowbrook-Bulls Head-Travis,Future High Tides 2080,10714806.515876845,209443472.707,Staten Island,5.12,"New Springville-Willowbrook-Bulls Head-Travis, Staten Island"
New Springville-Willowbrook-Bulls Head-Travis,Nuisance Flooding,4915123.021777212,209443472.707,Staten Island,2.35,"New Springville-Willowbrook-Bulls Head-Travis, Staten Island"
North & South Brother Islands,Future High Tides 2080,765.5345084905496,930649.186964,Bronx,0.08,"North & South Brother Islands, Bronx"
North Corona,Deep and Contiguous Flooding,327752.14833536267,13961243.6243,Queens,2.35,"North Corona, Queens"
North Corona,Nuisance Flooding,636558.5660749642,13961243.6243,Queens,4.56,"North Corona, Queens"
Norwood,Deep and Contiguous Flooding,89018.25044336451,15724928.7256,Bronx,0.57,"Norwood, Bronx"
Norwood,Nuisance Flooding,311889.22969810525,15724928.7256,Bronx,1.98,"Norwood, Bronx"
Oakland Gardens-Hollis Hills,Deep and Contiguous Flooding,706713.3532787709,39634775.2579,Queens,1.78,"Oakland Gardens-Hollis Hills, Queens"
Oakland Gardens-Hollis Hills,Nuisance Flooding,2214470.780623646,39634775.2579,Queens,5.59,"Oakland Gardens-Hollis Hills, Queens"
Oakwood-Richmondtown,Deep and Contiguous Flooding,1873067.3348563884,55937303.0988,Staten Island,3.35,"Oakwood-Richmondtown, Staten Island"
Oakwood-Richmondtown,Future High Tides 2080,9396868.78008507,55937303.0988,Staten Island,16.8,"Oakwood-Richmondtown, Staten Island"
Oakwood-Richmondtown,Nuisance Flooding,2426928.993882131,55937303.0988,Staten Island,4.34,"Oakwood-Richmondtown, Staten Island"
Ocean Hill,Deep and Contiguous Flooding,288663.68255953316,20090098.4556,Brooklyn,1.44,"Ocean Hill, Brooklyn"
Ocean Hill,Nuisance Flooding,562286.5988596905,20090098.4556,Brooklyn,2.8,"Ocean Hill, Brooklyn"
Old Astoria-Hallets Point,Deep and Contiguous Flooding,1016175.5058197452,11092345.1117,Queens,9.16,"Old Astoria-Hallets Point, Queens"
Old Astoria-Hallets Point,Future High Tides 2080,401385.61240310926,11092345.1117,Queens,3.62,"Old Astoria-Hallets Point, Queens"
Old Astoria-Hallets Point,Nuisance Flooding,586118.6878316711,11092345.1117,Queens,5.28,"Old Astoria-Hallets Point, Queens"
Ozone Park,Deep and Contiguous Flooding,1851830.3042114873,25107785.142,Queens,7.38,"Ozone Park, Queens"
Ozone Park,Nuisance Flooding,1426225.226072512,25107785.142,Queens,5.68,"Ozone Park, Queens"
Ozone Park (North),Deep and Contiguous Flooding,2201255.5150139104,18087303.6494,Queens,12.17,"Ozone Park (North), Queens"
Ozone Park (North),Nuisance Flooding,1372975.283108968,18087303.6494,Queens,7.59,"Ozone Park (North), Queens"
Park Slope,Deep and Contiguous Flooding,152739.7239963196,25829299.2982,Brooklyn,0.59,"Park Slope, Brooklyn"
Park Slope,Nuisance Flooding,963733.3133043661,25829299.2982,Brooklyn,3.73,"Park Slope, Brooklyn"
Parkchester,Deep and Contiguous Flooding,479034.5080546788,9184335.00576,Bronx,5.22,"Parkchester, Bronx"
Parkchester,Nuisance Flooding,488304.80114691606,9184335.00576,Bronx,5.32,"Parkchester, Bronx"
Pelham Bay Park,Deep and Contiguous Flooding,198438.2832466317,99256120.4767,Bronx,0.2,"Pelham Bay Park, Bronx"
Pelham Bay Park,Future High Tides 2080,6087394.435675298,99256120.4767,Bronx,6.13,"Pelham Bay Park, Bronx"
Pelham Bay Park,Nuisance Flooding,97035.02686076632,99256120.4767,Bronx,0.1,"Pelham Bay Park, Bronx"
Pelham Bay-Country Club-City Island,Deep and Contiguous Flooding,643303.4120426592,35309788.7431,Bronx,1.82,"Pelham Bay-Country Club-City Island, Bronx"
Pelham Bay-Country Club-City Island,Future High Tides 2080,1532332.1006108928,35309788.7431,Bronx,4.34,"Pelham Bay-Country Club-City Island, Bronx"
Pelham Bay-Country Club-City Island,Nuisance Flooding,288376.43733183783,35309788.7431,Bronx,0.82,"Pelham Bay-Country Club-City Island, Bronx"
Pelham Gardens,Deep and Contiguous Flooding,1596549.1804512069,30064822.9596,Bronx,5.31,"Pelham Gardens, Bronx"
Pelham Gardens,Nuisance Flooding,1198964.218916886,30064822.9596,Bronx,3.99,"Pelham Gardens, Bronx"
Pelham Parkway-Van Nest,Deep and Contiguous Flooding,976189.3056269146,15587595.4718,Bronx,6.26,"Pelham Parkway-Van Nest, Bronx"
Pelham Parkway-Van Nest,Nuisance Flooding,446016.57069246133,15587595.4718,Bronx,2.86,"Pelham Parkway-Van Nest, Bronx"
Pomonok-Electchester-Hillcrest,Deep and Contiguous Flooding,1245504.8908893042,36974156.6835,Queens,3.37,"Pomonok-Electchester-Hillcrest, Queens"
Pomonok-Electchester-Hillcrest,Nuisance Flooding,1419434.5298240571,36974156.6835,Queens,3.84,"Pomonok-Electchester-Hillcrest, Queens"
Port Richmond,Deep and Contiguous Flooding,2396169.648372207,36236921.0862,Staten Island,6.61,"Port Richmond, Staten Island"
Port Richmond,Future High Tides 2080,630641.8814573968,36236921.0862,Staten Island,1.74,"Port Richmond, Staten Island"
Port Richmond,Nuisance Flooding,1824592.062872931,36236921.0862,Staten Island,5.04,"Port Richmond, Staten Island"
Prospect Heights,Deep and Contiguous Flooding,24209.47866558587,10313415.2153,Brooklyn,0.23,"Prospect Heights, Brooklyn"
Prospect Heights,Nuisance Flooding,86507.99465175805,10313415.2153,Brooklyn,0.84,"Prospect Heights, Brooklyn"
Prospect Lefferts Gardens-Wingate,Deep and Contiguous Flooding,1528371.809787028,24039163.4978,Brooklyn,6.36,"Prospect Lefferts Gardens-Wingate, Brooklyn"
Prospect Lefferts Gardens-Wingate,Nuisance Flooding,1786695.7213076882,24039163.4978,Brooklyn,7.43,"Prospect Lefferts Gardens-Wingate, Brooklyn"
Prospect Park,Deep and Contiguous Flooding,3114.7239629404794,27324218.9586,Brooklyn,0.01,"Prospect Park, Brooklyn"
Prospect Park,Nuisance Flooding,202004.2790715495,27324218.9586,Brooklyn,0.74,"Prospect Park, Brooklyn"
Queens Village,Deep and Contiguous Flooding,3263040.5086664963,69655494.9526,Queens,4.68,"Queens Village, Queens"
Queens Village,Nuisance Flooding,5024439.74305099,69655494.9526,Queens,7.21,"Queens Village, Queens"
Queensboro Hill,Deep and Contiguous Flooding,1031108.1265655041,26427738.2893,Queens,3.9,"Queensboro Hill, Queens"
Queensboro Hill,Nuisance Flooding,824251.271293787,26427738.2893,Queens,3.12,"Queensboro Hill, Queens"
Queensbridge-Ravenswood-Dutch Kills,Deep and Contiguous Flooding,1096547.0327945836,27721578.1625,Queens,3.96,"Queensbridge-Ravenswood-Dutch Kills, Queens"
Queensbridge-Ravenswood-Dutch Kills,Future High Tides 2080,130249.86134239865,27721578.1625,Queens,0.47,"Queensbridge-Ravenswood-Dutch Kills, Queens"
Queensbridge-Ravenswood-Dutch Kills,Nuisance Flooding,1633955.670332051,27721578.1625,Queens,5.89,"Queensbridge-Ravenswood-Dutch Kills, Queens"
Randall's Island,Future High Tides 2080,613570.6357699634,23466537.7452,Manhattan,2.61,"Randall's Island, Manhattan"
Rego Park,Deep and Contiguous Flooding,1279242.4947464336,20193352.3023,Queens,6.33,"Rego Park, Queens"
Rego Park,Nuisance Flooding,1567276.4098381107,20193352.3023,Queens,7.76,"Rego Park, Queens"
Richmond Hill,Deep and Contiguous Flooding,1899861.3740165308,30269745.8045,Queens,6.28,"Richmond Hill, Queens"
Richmond Hill,Nuisance Flooding,1385702.8421152635,30269745.8045,Queens,4.58,"Richmond Hill, Queens"
Ridgewood,Deep and Contiguous Flooding,1304493.894539903,42551182.9397,Queens,3.07,"Ridgewood, Queens"
Ridgewood,Future High Tides 2080,10507.83671042485,42551182.9397,Queens,0.02,"Ridgewood, Queens"
Ridgewood,Nuisance Flooding,1807762.4175203112,42551182.9397,Queens,4.25,"Ridgewood, Queens"
Rikers Island,Future High Tides 2080,97733.77363989042,18163734.7929,Bronx,0.54,"Rikers Island, Bronx"
Riverdale-Spuyten Duyvil,Deep and Contiguous Flooding,388944.7814150082,62983243.5436,Bronx,0.62,"Riverdale-Spuyten Duyvil, Bronx"
Riverdale-Spuyten Duyvil,Future High Tides 2080,204387.09682417643,62983243.5436,Bronx,0.32,"Riverdale-Spuyten Duyvil, Bronx"
Riverdale-Spuyten Duyvil,Nuisance Flooding,617854.0816069889,62983243.5436,Bronx,0.98,"Riverdale-Spuyten Duyvil, Bronx"
Rockaway Beach-Arverne-Edgemere,Deep and Contiguous Flooding,52612.51018421701,50502112.887,Queens,0.1,"Rockaway Beach-Arverne-Edgemere, Queens"
Rockaway Beach-Arverne-Edgemere,Future High Tides 2080,28389553.887826543,50502112.887,Queens,56.21,"Rockaway Beach-Arverne-Edgemere, Queens"
Rockaway Beach-Arverne-Edgemere,Nuisance Flooding,304463.14697299665,50502112.887,Queens,0.6,"Rockaway Beach-Arverne-Edgemere, Queens"
Rockaway Community Park,Future High Tides 2080,2315837.7907527336,8929707.74003,Queens,25.93,"Rockaway Community Park, Queens"
Rosebank-Shore Acres-Park Hill,Deep and Contiguous Flooding,1431830.3126862282,35251373.2253,Staten Island,4.06,"Rosebank-Shore Acres-Park Hill, Staten Island"
Rosebank-Shore Acres-Park Hill,Future High Tides 2080,441017.47863047733,35251373.2253,Staten Island,1.25,"Rosebank-Shore Acres-Park Hill, Staten Island"
Rosebank-Shore Acres-Park Hill,Nuisance Flooding,943566.1902387076,35251373.2253,Staten Island,2.68,"Rosebank-Shore Acres-Park Hill, Staten Island"
Rosedale,Deep and Contiguous Flooding,1297477.2430817499,47235424.3088,Queens,2.75,"Rosedale, Queens"
Rosedale,Future High Tides 2080,8813728.751736606,47235424.3088,Queens,18.66,"Rosedale, Queens"
Rosedale,Nuisance Flooding,2066389.253666111,47235424.3088,Queens,4.37,"Rosedale, Queens"
Sheepshead Bay-Manhattan Beach-Gerritsen Beach,Deep and Contiguous Flooding,1567703.8505656328,63370522.1414,Brooklyn,2.47,"Sheepshead Bay-Manhattan Beach-Gerritsen Beach, Brooklyn"
Sheepshead Bay-Manhattan Beach-Gerritsen Beach,Future High Tides 2080,9874833.06587882,63370522.1414,Brooklyn,15.58,"Sheepshead Bay-Manhattan Beach-Gerritsen Beach, Brooklyn"
Sheepshead Bay-Manhattan Beach-Gerritsen Beach,Nuisance Flooding,3812906.424588561,63370522.1414,Brooklyn,6.02,"Sheepshead Bay-Manhattan Beach-Gerritsen Beach, Brooklyn"
Shirley Chisholm State Park,Deep and Contiguous Flooding,308639.10282405315,18284900.8484,Brooklyn,1.69,"Shirley Chisholm State Park, Brooklyn"
Shirley Chisholm State Park,Future High Tides 2080,788284.1271573558,18284900.8484,Brooklyn,4.31,"Shirley Chisholm State Park, Brooklyn"
Shirley Chisholm State Park,Nuisance Flooding,111169.91216761887,18284900.8484,Brooklyn,0.61,"Shirley Chisholm State Park, Brooklyn"
Snug Harbor,Deep and Contiguous Flooding,57373.131219358074,3768355.17542,Staten Island,1.52,"Snug Harbor, Staten Island"
Snug Harbor,Future High Tides 2080,20016.56649406716,3768355.17542,Staten Island,0.53,"Snug Harbor, Staten Island"
Snug Harbor,Nuisance Flooding,25436.35892649642,3768355.17542,Staten Island,0.67,"Snug Harbor, Staten Island"
SoHo-Little Italy-Hudson Square,Deep and Contiguous Flooding,1005310.2095253139,12916760.8698,Manhattan,7.78,"SoHo-Little Italy-Hudson Square, Manhattan"
SoHo-Little Italy-Hudson Square,Future High Tides 2080,17262.720457169973,12916760.8698,Manhattan,0.13,"SoHo-Little Italy-Hudson Square, Manhattan"
SoHo-Little Italy-Hudson Square,Nuisance Flooding,501771.81991807383,12916760.8698,Manhattan,3.88,"SoHo-Little Italy-Hudson Square, Manhattan"
Soundview Park,Deep and Contiguous Flooding,211919.56122960564,7798457.59029,Bronx,2.72,"Soundview Park, Bronx"
Soundview Park,Future High Tides 2080,222470.70539256677,7798457.59029,Bronx,2.85,"Soundview Park, Bronx"
Soundview Park,Nuisance Flooding,55954.70027373076,7798457.59029,Bronx,0.72,"Soundview Park, Bronx"
Soundview-Bruckner-Bronx River,Deep and Contiguous Flooding,1432627.143452445,32208011.3452,Bronx,4.45,"Soundview-Bruckner-Bronx River, Bronx"
Soundview-Bruckner-Bronx River,Future High Tides 2080,358143.87541705836,32208011.3452,Bronx,1.11,"Soundview-Bruckner-Bronx River, Bronx"
Soundview-Bruckner-Bronx River,Nuisance Flooding,1257301.9927077089,32208011.3452,Bronx,3.9,"Soundview-Bruckner-Bronx River, Bronx"
Soundview-Clason Point,Deep and Contiguous Flooding,1665052.359670273,30319584.5729,Bronx,5.49,"Soundview-Clason Point, Bronx"
Soundview-Clason Point,Future High Tides 2080,1244104.6233667706,30319584.5729,Bronx,4.1,"Soundview-Clason Point, Bronx"
Soundview-Clason Point,Nuisance Flooding,1457795.303396377,30319584.5729,Bronx,4.81,"Soundview-Clason Point, Bronx"
South Jamaica,Deep and Contiguous Flooding,3632564.043324904,37862543.1886,Queens,9.59,"South Jamaica, Queens"
South Jamaica,Nuisance Flooding,1693560.5580693933,37862543.1886,Queens,4.47,"South Jamaica, Queens"
South Ozone Park,Deep and Contiguous Flooding,4398316.362342752,81836524.0082,Queens,5.37,"South Ozone Park, Queens"
South Ozone Park,Nuisance Flooding,4058165.873688422,81836524.0082,Queens,4.96,"South Ozone Park, Queens"
South Richmond Hill,Deep and Contiguous Flooding,586608.1588893662,15849139.8562,Queens,3.7,"South Richmond Hill, Queens"
South Richmond Hill,Nuisance Flooding,956467.0195628271,15849139.8562,Queens,6.03,"South Richmond Hill, Queens"
South Williamsburg,Deep and Contiguous Flooding,2174252.313674426,15208960.6623,Brooklyn,14.3,"South Williamsburg, Brooklyn"
South Williamsburg,Nuisance Flooding,462715.8640007373,15208960.6623,Brooklyn,3.04,"South Williamsburg, Brooklyn"
Spring Creek Park,Deep and Contiguous Flooding,92867.43631071346,11848150.5802,Queens,0.78,"Spring Creek Park, Queens"
Spring Creek Park,Future High Tides 2080,1646564.0757414678,11848150.5802,Queens,13.9,"Spring Creek Park, Queens"
Spring Creek Park,Nuisance Flooding,316175.423886619,11848150.5802,Queens,2.67,"Spring Creek Park, Queens"
Spring Creek-Starrett City,Deep and Contiguous Flooding,523908.3320508369,27086260.8535,Brooklyn,1.93,"Spring Creek-Starrett City, Brooklyn"
Spring Creek-Starrett City,Future High Tides 2080,538676.9620923186,27086260.8535,Brooklyn,1.99,"Spring Creek-Starrett City, Brooklyn"
Spring Creek-Starrett City,Nuisance Flooding,873675.459005724,27086260.8535,Brooklyn,3.23,"Spring Creek-Starrett City, Brooklyn"
Springfield Gardens (North)-Rochdale Village,Deep and Contiguous Flooding,1929196.213921241,34464288.391,Queens,5.6,"Springfield Gardens (North)-Rochdale Village, Queens"
Springfield Gardens (North)-Rochdale Village,Nuisance Flooding,2402353.723176198,34464288.391,Queens,6.97,"Springfield Gardens (North)-Rochdale Village, Queens"
Springfield Gardens (South)-Brookville,Deep and Contiguous Flooding,2996939.6914386703,57436524.0019,Queens,5.22,"Springfield Gardens (South)-Brookville, Queens"
Springfield Gardens (South)-Brookville,Future High Tides 2080,7143576.992009124,57436524.0019,Queens,12.44,"Springfield Gardens (South)-Brookville, Queens"
Springfield Gardens (South)-Brookville,Nuisance Flooding,1796337.883901133,57436524.0019,Queens,3.13,"Springfield Gardens (South)-Brookville, Queens"
St. Albans,Deep and Contiguous Flooding,6183410.222548831,74276849.9018,Queens,8.32,"St. Albans, Queens"
St. Albans,Nuisance Flooding,3615702.3042828226,74276849.9018,Queens,4.87,"St. Albans, Queens"
St. George-New Brighton,Deep and Contiguous Flooding,275390.8065868102,26507821.3282,Staten Island,1.04,"St. George-New Brighton, Staten Island"
St. George-New Brighton,Future High Tides 2080,107098.75264932233,26507821.3282,Staten Island,0.4,"St. George-New Brighton, Staten Island"
St. George-New Brighton,Nuisance Flooding,728289.3910661862,26507821.3282,Staten Island,2.75,"St. George-New Brighton, Staten Island"
St. John Cemetery,Deep and Contiguous Flooding,91671.17556285272,8754117.35638,Queens,1.05,"St. John Cemetery, Queens"
St. John Cemetery,Nuisance Flooding,201141.56766775754,8754117.35638,Queens,2.3,"St. John Cemetery, Queens"
St. Michael's Cemetery,Deep and Contiguous Flooding,48887.35854845931,4388717.37309,Queens,1.11,"St. Michael's Cemetery, Queens"
St. Michael's Cemetery,Nuisance Flooding,32099.393074774,4388717.37309,Queens,0.73,"St. Michael's Cemetery, Queens"
Stuyvesant Town-Peter Cooper Village,Deep and Contiguous Flooding,103049.57017869921,5575563.10557,Manhattan,1.85,"Stuyvesant Town-Peter Cooper Village, Manhattan"
Stuyvesant Town-Peter Cooper Village,Future High Tides 2080,885200.1944581864,5575563.10557,Manhattan,15.88,"Stuyvesant Town-Peter Cooper Village, Manhattan"
Stuyvesant Town-Peter Cooper Village,Nuisance Flooding,292218.7376768931,5575563.10557,Manhattan,5.24,"Stuyvesant Town-Peter Cooper Village, Manhattan"
Sunnyside,Deep and Contiguous Flooding,1037886.1472313805,47701716.6895,Queens,2.18,"Sunnyside, Queens"
Sunnyside,Future High Tides 2080,589535.6947684649,47701716.6895,Queens,1.24,"Sunnyside, Queens"
Sunnyside,Nuisance Flooding,1637078.9042751957,47701716.6895,Queens,3.43,"Sunnyside, Queens"
Sunnyside Yards (North),Deep and Contiguous Flooding,335161.41356754303,4500282.28954,Queens,7.45,"Sunnyside Yards (North), Queens"
Sunnyside Yards (North),Nuisance Flooding,459656.5213696246,4500282.28954,Queens,10.21,"Sunnyside Yards (North), Queens"
Sunnyside Yards (South),Deep and Contiguous Flooding,13298.315173061063,8783519.1142,Queens,0.15,"Sunnyside Yards (South), Queens"
Sunnyside Yards (South),Nuisance Flooding,62686.31071847031,8783519.1142,Queens,0.71,"Sunnyside Yards (South), Queens"
Sunset Park (Central),Deep and Contiguous Flooding,46414.94056577435,18754283.7167,Brooklyn,0.25,"Sunset Park (Central), Brooklyn"
Sunset Park (Central),Nuisance Flooding,205195.28214993334,18754283.7167,Brooklyn,1.09,"Sunset Park (Central), Brooklyn"
Sunset Park (East)-Borough Park (West),Deep and Contiguous Flooding,144187.5209985153,11749149.0414,Brooklyn,1.23,"Sunset Park (East)-Borough Park (West), Brooklyn"
Sunset Park (East)-Borough Park (West),Nuisance Flooding,610375.8777940117,11749149.0414,Brooklyn,5.2,"Sunset Park (East)-Borough Park (West), Brooklyn"
Sunset Park (West),Deep and Contiguous Flooding,344070.8088682523,50378926.5808,Brooklyn,0.68,"Sunset Park (West), Brooklyn"
Sunset Park (West),Future High Tides 2080,112326.27926475131,50378926.5808,Brooklyn,0.22,"Sunset Park (West), Brooklyn"
Sunset Park (West),Nuisance Flooding,1953725.140067804,50378926.5808,Brooklyn,3.88,"Sunset Park (West), Brooklyn"
The Battery-Governors Island-Ellis Island-Liberty Island,Future High Tides 2080,97108.04495756663,11989896.5581,Manhattan,0.81,"The Battery-Governors Island-Ellis Island-Liberty Island, Manhattan"
The Battery-Governors Island-Ellis Island-Liberty Island,Nuisance Flooding,22611.390155927074,11989896.5581,Manhattan,0.19,"The Battery-Governors Island-Ellis Island-Liberty Island, Manhattan"
The Evergreens Cemetery,Deep and Contiguous Flooding,1591.2018720961794,5585573.18678,Brooklyn,0.03,"The Evergreens Cemetery, Brooklyn"
Throgs Neck-Schuylerville,Deep and Contiguous Flooding,2639342.5740747224,66476945.3947,Bronx,3.97,"Throgs Neck-Schuylerville, Bronx"
Throgs Neck-Schuylerville,Future High Tides 2080,3932608.6319949417,66476945.3947,Bronx,5.92,"Throgs Neck-Schuylerville, Bronx"
Throgs Neck-Schuylerville,Nuisance Flooding,1425826.3197387871,66476945.3947,Bronx,2.14,"Throgs Neck-Schuylerville, Bronx"
Todt Hill-Emerson Hill-Lighthouse Hill-Manor Heights,Deep and Contiguous Flooding,2209379.1312222327,186310664.13,Staten Island,1.19,"Todt Hill-Emerson Hill-Lighthouse Hill-Manor Heights, Staten Island"
Todt Hill-Emerson Hill-Lighthouse Hill-Manor Heights,Future High Tides 2080,5218433.039133804,186310664.13,Staten Island,2.8,"Todt Hill-Emerson Hill-Lighthouse Hill-Manor Heights, Staten Island"
Todt Hill-Emerson Hill-Lighthouse Hill-Manor Heights,Nuisance Flooding,3208982.612984905,186310664.13,Staten Island,1.72,"Todt Hill-Emerson Hill-Lighthouse Hill-Manor Heights, Staten Island"
Tompkinsville-Stapleton-Clifton-Fox Hills,Deep and Contiguous Flooding,1568312.4311068757,24241445.6261,Staten Island,6.47,"Tompkinsville-Stapleton-Clifton-Fox Hills, Staten Island"
Tompkinsville-Stapleton-Clifton-Fox Hills,Nuisance Flooding,1024544.2543016322,24241445.6261,Staten Island,4.23,"Tompkinsville-Stapleton-Clifton-Fox Hills, Staten Island"
Tottenville-Charleston,Deep and Contiguous Flooding,1497720.496245153,126774043.914,Staten Island,1.18,"Tottenville-Charleston, Staten Island"
Tottenville-Charleston,Future High Tides 2080,4944520.987480184,126774043.914,Staten Island,3.9,"Tottenville-Charleston, Staten Island"
Tottenville-Charleston,Nuisance Flooding,2557985.3657125505,126774043.914,Staten Island,2.02,"Tottenville-Charleston, Staten Island"
Tremont,Deep and Contiguous Flooding,189775.26842787687,15826653.7834,Bronx,1.2,"Tremont, Bronx"
Tremont,Nuisance Flooding,355528.55195733364,15826653.7834,Bronx,2.25,"Tremont, Bronx"
Tribeca-Civic Center,Deep and Contiguous Flooding,1218836.5539883208,13577180.8706,Manhattan,8.98,"Tribeca-Civic Center, Manhattan"
Tribeca-Civic Center,Future High Tides 2080,291228.9897674237,13577180.8706,Manhattan,2.14,"Tribeca-Civic Center, Manhattan"
Tribeca-Civic Center,Nuisance Flooding,308565.2744945008,13577180.8706,Manhattan,2.27,"Tribeca-Civic Center, Manhattan"
United Nations,Deep and Contiguous Flooding,16881.65738232538,1091249.97534,Manhattan,1.55,"United Nations, Manhattan"
United Nations,Future High Tides 2080,13328.906050502148,1091249.97534,Manhattan,1.22,"United Nations, Manhattan"
United Nations,Nuisance Flooding,46098.913870131284,1091249.97534,Manhattan,4.22,"United Nations, Manhattan"
University Heights (North)-Fordham,Deep and Contiguous Flooding,19573.823871725137,18313195.2602,Bronx,0.11,"University Heights (North)-Fordham, Bronx"
University Heights (North)-Fordham,Future High Tides 2080,66124.132328028,18313195.2602,Bronx,0.36,"University Heights (North)-Fordham, Bronx"
University Heights (North)-Fordham,Nuisance Flooding,124273.90956821013,18313195.2602,Bronx,0.68,"University Heights (North)-Fordham, Bronx"
University Heights (South)-Morris Heights,Deep and Contiguous Flooding,155870.44397231855,19642542.8737,Bronx,0.79,"University Heights (South)-Morris Heights, Bronx"
University Heights (South)-Morris Heights,Future High Tides 2080,343834.48965991527,19642542.8737,Bronx,1.75,"University Heights (South)-Morris Heights, Bronx"
University Heights (South)-Morris Heights,Nuisance Flooding,229030.28138273035,19642542.8737,Bronx,1.17,"University Heights (South)-Morris Heights, Bronx"
Upper East Side-Carnegie Hill,Deep and Contiguous Flooding,237676.64411321701,20065363.8062,Manhattan,1.18,"Upper East Side-Carnegie Hill, Manhattan"
Upper East Side-Carnegie Hill,Nuisance Flooding,280280.1116790235,20065363.8062,Manhattan,1.4,"Upper East Side-Carnegie Hill, Manhattan"
Upper East Side-Lenox Hill-Roosevelt Island,Deep and Contiguous Flooding,106130.88704170832,21500957.1763,Manhattan,0.49,"Upper East Side-Lenox Hill-Roosevelt Island, Manhattan"
Upper East Side-Lenox Hill-Roosevelt Island,Future High Tides 2080,610981.2077855102,21500957.1763,Manhattan,2.84,"Upper East Side-Lenox Hill-Roosevelt Island, Manhattan"
Upper East Side-Lenox Hill-Roosevelt Island,Nuisance Flooding,531696.9393504075,21500957.1763,Manhattan,2.47,"Upper East Side-Lenox Hill-Roosevelt Island, Manhattan"
Upper East Side-Yorkville,Future High Tides 2080,214424.1853493969,13645033.6153,Manhattan,1.57,"Upper East Side-Yorkville, Manhattan"
Upper East Side-Yorkville,Nuisance Flooding,124160.00236225924,13645033.6153,Manhattan,0.91,"Upper East Side-Yorkville, Manhattan"
Upper West Side (Central),Deep and Contiguous Flooding,250490.95457575793,25410667.5351,Manhattan,0.99,"Upper West Side (Central), Manhattan"
Upper West Side (Central),Future High Tides 2080,9323.646365253488,25410667.5351,Manhattan,0.04,"Upper West Side (Central), Manhattan"
Upper West Side (Central),Nuisance Flooding,549560.4859480659,25410667.5351,Manhattan,2.16,"Upper West Side (Central), Manhattan"
Upper West Side-Lincoln Square,Deep and Contiguous Flooding,278709.5862949161,15797448.8311,Manhattan,1.76,"Upper West Side-Lincoln Square, Manhattan"
Upper West Side-Lincoln Square,Future High Tides 2080,177115.63795559193,15797448.8311,Manhattan,1.12,"Upper West Side-Lincoln Square, Manhattan"
Upper West Side-Lincoln Square,Nuisance Flooding,507214.86181745166,15797448.8311,Manhattan,3.21,"Upper West Side-Lincoln Square, Manhattan"
Upper West Side-Manhattan Valley,Deep and Contiguous Flooding,150546.55856944722,13200449.9463,Manhattan,1.14,"Upper West Side-Manhattan Valley, Manhattan"
Upper West Side-Manhattan Valley,Future High Tides 2080,1705.983673764629,13200449.9463,Manhattan,0.01,"Upper West Side-Manhattan Valley, Manhattan"
Upper West Side-Manhattan Valley,Nuisance Flooding,204611.20373175407,13200449.9463,Manhattan,1.55,"Upper West Side-Manhattan Valley, Manhattan"
Van Cortlandt Park,Deep and Contiguous Flooding,53472.33133548175,50659357.0747,Bronx,0.11,"Van Cortlandt Park, Bronx"
Van Cortlandt Park,Nuisance Flooding,155948.79057087252,50659357.0747,Bronx,0.31,"Van Cortlandt Park, Bronx"
Wakefield-Woodlawn,Deep and Contiguous Flooding,1052762.7685980895,39646811.7976,Bronx,2.66,"Wakefield-Woodlawn, Bronx"
Wakefield-Woodlawn,Future High Tides 2080,54995.985577607746,39646811.7976,Bronx,0.14,"Wakefield-Woodlawn, Bronx"
Wakefield-Woodlawn,Nuisance Flooding,883050.3137910707,39646811.7976,Bronx,2.23,"Wakefield-Woodlawn, Bronx"
Washington Heights (North),Deep and Contiguous Flooding,145307.33597211327,24773510.5489,Manhattan,0.59,"Washington Heights (North), Manhattan"
Washington Heights (North),Future High Tides 2080,134523.34598211476,24773510.5489,Manhattan,0.54,"Washington Heights (North), Manhattan"
Washington Heights (North),Nuisance Flooding,459151.39240655344,24773510.5489,Manhattan,1.85,"Washington Heights (North), Manhattan"
Washington Heights (South),Deep and Contiguous Flooding,166077.50938598538,21026875.6223,Manhattan,0.79,"Washington Heights (South), Manhattan"
Washington Heights (South),Future High Tides 2080,97864.75691222168,21026875.6223,Manhattan,0.47,"Washington Heights (South), Manhattan"
Washington Heights (South),Nuisance Flooding,199141.6292539077,21026875.6223,Manhattan,0.95,"Washington Heights (South), Manhattan"
West Farms,Deep and Contiguous Flooding,228112.07902777227,11701999.7321,Bronx,1.95,"West Farms, Bronx"
West Farms,Future High Tides 2080,149804.05040992552,11701999.7321,Bronx,1.28,"West Farms, Bronx"
West Farms,Nuisance Flooding,456630.4436741506,11701999.7321,Bronx,3.9,"West Farms, Bronx"
West New Brighton-Silver Lake-Grymes Hill,Deep and Contiguous Flooding,816617.406474481,85360024.6187,Staten Island,0.96,"West New Brighton-Silver Lake-Grymes Hill, Staten Island"
West New Brighton-Silver Lake-Grymes Hill,Future High Tides 2080,143531.273309073,85360024.6187,Staten Island,0.17,"West New Brighton-Silver Lake-Grymes Hill, Staten Island"
West New Brighton-Silver Lake-Grymes Hill,Nuisance Flooding,2931516.660333759,85360024.6187,Staten Island,3.43,"West New Brighton-Silver Lake-Grymes Hill, Staten Island"
West Village,Deep and Contiguous Flooding,740784.3580908219,14292674.6592,Manhattan,5.18,"West Village, Manhattan"
West Village,Future High Tides 2080,392027.33586208033,14292674.6592,Manhattan,2.74,"West Village, Manhattan"
West Village,Nuisance Flooding,527595.7735113061,14292674.6592,Manhattan,3.69,"West Village, Manhattan"
Westchester Square,Deep and Contiguous Flooding,573871.754647224,15373585.4442,Bronx,3.73,"Westchester Square, Bronx"
Westchester Square,Future High Tides 2080,136241.97382713744,15373585.4442,Bronx,0.89,"Westchester Square, Bronx"
Westchester Square,Nuisance Flooding,626096.4966849326,15373585.4442,Bronx,4.07,"Westchester Square, Bronx"
Westerleigh-Castleton Corners,Deep and Contiguous Flooding,3854560.5138319028,76529172.7526,Staten Island,5.04,"Westerleigh-Castleton Corners, Staten Island"
Westerleigh-Castleton Corners,Nuisance Flooding,5082832.594011962,76529172.7526,Staten Island,6.64,"Westerleigh-Castleton Corners, Staten Island"
Whitestone-Beechhurst,Deep and Contiguous Flooding,2168044.8888626187,52637756.735,Queens,4.12,"Whitestone-Beechhurst, Queens"
Whitestone-Beechhurst,Future High Tides 2080,602469.4446071321,52637756.735,Queens,1.14,"Whitestone-Beechhurst, Queens"
Whitestone-Beechhurst,Nuisance Flooding,1863644.2481451032,52637756.735,Queens,3.54,"Whitestone-Beechhurst, Queens"
Williamsbridge-Olinville,Deep and Contiguous Flooding,1007060.4586110918,36242274.514,Bronx,2.78,"Williamsbridge-Olinville, Bronx"
Williamsbridge-Olinville,Future High Tides 2080,111582.8363807273,36242274.514,Bronx,0.31,"Williamsbridge-Olinville, Bronx"
Williamsbridge-Olinville,Nuisance Flooding,852892.828330292,36242274.514,Bronx,2.35,"Williamsbridge-Olinville, Bronx"
Williamsburg,Deep and Contiguous Flooding,1706097.2973259874,28854355.9582,Brooklyn,5.91,"Williamsburg, Brooklyn"
Williamsburg,Future High Tides 2080,738425.6644419234,28854355.9582,Brooklyn,2.56,"Williamsburg, Brooklyn"
Williamsburg,Nuisance Flooding,901832.5958666946,28854355.9582,Brooklyn,3.13,"Williamsburg, Brooklyn"
Windsor Terrace-South Slope,Deep and Contiguous Flooding,259588.74578590505,15312045.3643,Brooklyn,1.7,"Windsor Terrace-South Slope, Brooklyn"
Windsor Terrace-South Slope,Nuisance Flooding,823084.0593157867,15312045.3643,Brooklyn,5.38,"Windsor Terrace-South Slope, Brooklyn"
Woodhaven,Deep and Contiguous Flooding,957467.3329586511,23727496.8617,Queens,4.04,"Woodhaven, Queens"
Woodhaven,Nuisance Flooding,2352262.8931138674,23727496.8617,Queens,9.91,"Woodhaven, Queens"
Woodlawn Cemetery,Nuisance Flooding,6607.331303128011,17886378.5361,Bronx,0.04,"Woodlawn Cemetery, Bronx"
Woodside,Deep and Contiguous Flooding,1710435.6945180928,32949474.8882,Queens,5.19,"Woodside, Queens"
Woodside,Nuisance Flooding,1504136.8851116085,32949474.8882,Queens,4.56,"Woodside, Queens"
Yankee Stadium-Macombs Dam Park,Deep and Contiguous Flooding,148895.77502923278,2808902.98499,Bronx,5.3,"Yankee Stadium-Macombs Dam Park, Bronx"
Yankee Stadium-Macombs Dam Park,Nuisance Flooding,14160.739974792186,2808902.98499,Bronx,0.5,"Yankee Stadium-Macombs Dam Park, Bronx"
